field,label on form,required,max length,format,accepted examples,rejected examples,error text (contained in the message)
firstName,First Name,yes,20,any text; leading and trailing spaces are removed,Jane; Maria-Luisa; a 20-character name,(empty); a 21-character name,"Path `firstName` is required. / ...maximum allowed length (20)"
lastName,Last Name,yes,20,any text; leading and trailing spaces are removed,Doe; O'Neil; a 20-character name,(empty); a 21-character name,"Path `lastName` is required. / ...maximum allowed length (20)"
birthdate,Date of Birth,no,,"yyyy-MM-dd only: four-digit year, two-digit month and day, separated by hyphens; must be a real calendar date",1985-07-14; 2000-02-29,07/14/1985; 1985/07/14; 1985-7-14; 1985-02-30; 1985-13-01,Birthdate is invalid
email,Email,no,,a valid e-mail address,jane.doe@example.com,jane.doe; jane@,Email is invalid
phone,Phone,no,15,"a phone number: digits, optionally with a leading + and country code, spaces, hyphens or parentheses; no letters; at most 15 characters in total",8005551234; 800-555-1234; (800) 555-1234; +1 800 555 1234; +44 7911 123456,800-555-12AB; abc; +1 800 555 12345 (16 characters),"Phone number is invalid / ...maximum allowed length (15)"
street1,Street Address 1,no,40,any text,1 Main St.; a 40-character address,a 41-character address,...maximum allowed length (40)
street2,Street Address 2,no,40,any text,Apartment A,a 41-character value,...maximum allowed length (40)
city,City,no,40,any text,Anytown,a 41-character value,...maximum allowed length (40)
stateProvince,State or Province,no,20,any text,KS; Ontario,a 21-character value,...maximum allowed length (20)
postalCode,Postal Code,no,10,a postal or ZIP code,12345; 12345-6789; K1A 0B6; SW1A 1AA,ABCDE; 12345678901 (11 characters),"Postal code is invalid / ...maximum allowed length (10)"
country,Country,no,40,any text,USA; Canada,a 41-character value,...maximum allowed length (40)
