rule_id,account_type,rule,value,channel
R1,CHECKING,Can be opened online by a signed-in customer,yes,page + service
R2,SAVINGS,Can be opened online by a signed-in customer,yes,page + service
R3,ALL,Minimum opening deposit (USD),100.00,page + service
R4,ALL,Opening deposit is moved from one existing account of the same customer (the funding account),funding account chosen by the customer,page + service
R5,ALL,The funding account must hold at least the minimum opening deposit; otherwise the new account is not opened and the customer gets an error,balance >= 100.00,page + service
R6,ALL,Opening balance of the new account,equal to the opening deposit (100.00),page + service
R7,ALL,Funding account balance after opening,previous balance minus the opening deposit,page + service
R8,ALL,Transaction recorded on the funding account,Debit 100.00 'Funds Transfer Sent',page + service
R9,ALL,Transaction recorded on the new account,Credit 100.00 'Funds Transfer Received',page + service
